"case_id","population","source_index","source"
"anolis_000001","anolis-empirical",1,"anolis_empirical_500.rds#1"
"anolis_000002","anolis-empirical",2,"anolis_empirical_500.rds#2"
"anolis_000003","anolis-empirical",3,"anolis_empirical_500.rds#3"
"anolis_000004","anolis-empirical",4,"anolis_empirical_500.rds#4"
"anolis_000005","anolis-empirical",5,"anolis_empirical_500.rds#5"
"anolis_000006","anolis-empirical",6,"anolis_empirical_500.rds#6"
"anolis_000007","anolis-empirical",7,"anolis_empirical_500.rds#7"
"anolis_000008","anolis-empirical",8,"anolis_empirical_500.rds#8"
"anolis_000009","anolis-empirical",9,"anolis_empirical_500.rds#9"
"anolis_000010","anolis-empirical",10,"anolis_empirical_500.rds#10"
"anolis_000011","anolis-empirical",11,"anolis_empirical_500.rds#11"
"anolis_000012","anolis-empirical",12,"anolis_empirical_500.rds#12"
"anolis_000013","anolis-empirical",13,"anolis_empirical_500.rds#13"
"anolis_000014","anolis-empirical",14,"anolis_empirical_500.rds#14"
"anolis_000015","anolis-empirical",15,"anolis_empirical_500.rds#15"
"anolis_000016","anolis-empirical",16,"anolis_empirical_500.rds#16"
"anolis_000017","anolis-empirical",17,"anolis_empirical_500.rds#17"
"anolis_000018","anolis-empirical",18,"anolis_empirical_500.rds#18"
"anolis_000019","anolis-empirical",19,"anolis_empirical_500.rds#19"
"anolis_000020","anolis-empirical",20,"anolis_empirical_500.rds#20"
"anolis_000021","anolis-empirical",21,"anolis_empirical_500.rds#21"
"anolis_000022","anolis-empirical",22,"anolis_empirical_500.rds#22"
"anolis_000023","anolis-empirical",23,"anolis_empirical_500.rds#23"
"anolis_000024","anolis-empirical",24,"anolis_empirical_500.rds#24"
"anolis_000025","anolis-empirical",25,"anolis_empirical_500.rds#25"
"anolis_000026","anolis-empirical",26,"anolis_empirical_500.rds#26"
"anolis_000027","anolis-empirical",27,"anolis_empirical_500.rds#27"
"anolis_000028","anolis-empirical",28,"anolis_empirical_500.rds#28"
"anolis_000029","anolis-empirical",29,"anolis_empirical_500.rds#29"
"anolis_000030","anolis-empirical",30,"anolis_empirical_500.rds#30"
"anolis_000031","anolis-empirical",31,"anolis_empirical_500.rds#31"
"anolis_000032","anolis-empirical",32,"anolis_empirical_500.rds#32"
"anolis_000033","anolis-empirical",33,"anolis_empirical_500.rds#33"
"anolis_000034","anolis-empirical",34,"anolis_empirical_500.rds#34"
"anolis_000035","anolis-empirical",35,"anolis_empirical_500.rds#35"
"anolis_000036","anolis-empirical",36,"anolis_empirical_500.rds#36"
"anolis_000037","anolis-empirical",37,"anolis_empirical_500.rds#37"
"anolis_000038","anolis-empirical",38,"anolis_empirical_500.rds#38"
"anolis_000039","anolis-empirical",39,"anolis_empirical_500.rds#39"
"anolis_000040","anolis-empirical",40,"anolis_empirical_500.rds#40"
"anolis_000041","anolis-empirical",41,"anolis_empirical_500.rds#41"
"anolis_000042","anolis-empirical",42,"anolis_empirical_500.rds#42"
"anolis_000043","anolis-empirical",43,"anolis_empirical_500.rds#43"
"anolis_000044","anolis-empirical",44,"anolis_empirical_500.rds#44"
"anolis_000045","anolis-empirical",45,"anolis_empirical_500.rds#45"
"anolis_000046","anolis-empirical",46,"anolis_empirical_500.rds#46"
"anolis_000047","anolis-empirical",47,"anolis_empirical_500.rds#47"
"anolis_000048","anolis-empirical",48,"anolis_empirical_500.rds#48"
"anolis_000049","anolis-empirical",49,"anolis_empirical_500.rds#49"
"anolis_000050","anolis-empirical",50,"anolis_empirical_500.rds#50"
"anolis_000051","anolis-empirical",51,"anolis_empirical_500.rds#51"
"anolis_000052","anolis-empirical",52,"anolis_empirical_500.rds#52"
"anolis_000053","anolis-empirical",53,"anolis_empirical_500.rds#53"
"anolis_000054","anolis-empirical",54,"anolis_empirical_500.rds#54"
"anolis_000055","anolis-empirical",55,"anolis_empirical_500.rds#55"
"anolis_000056","anolis-empirical",56,"anolis_empirical_500.rds#56"
"anolis_000057","anolis-empirical",57,"anolis_empirical_500.rds#57"
"anolis_000058","anolis-empirical",58,"anolis_empirical_500.rds#58"
"anolis_000059","anolis-empirical",59,"anolis_empirical_500.rds#59"
"anolis_000060","anolis-empirical",60,"anolis_empirical_500.rds#60"
"anolis_000061","anolis-empirical",61,"anolis_empirical_500.rds#61"
"anolis_000062","anolis-empirical",62,"anolis_empirical_500.rds#62"
"anolis_000063","anolis-empirical",63,"anolis_empirical_500.rds#63"
"anolis_000064","anolis-empirical",64,"anolis_empirical_500.rds#64"
"anolis_000065","anolis-empirical",65,"anolis_empirical_500.rds#65"
"anolis_000066","anolis-empirical",66,"anolis_empirical_500.rds#66"
"anolis_000067","anolis-empirical",67,"anolis_empirical_500.rds#67"
"anolis_000068","anolis-empirical",68,"anolis_empirical_500.rds#68"
"anolis_000069","anolis-empirical",69,"anolis_empirical_500.rds#69"
"anolis_000070","anolis-empirical",70,"anolis_empirical_500.rds#70"
"anolis_000071","anolis-empirical",71,"anolis_empirical_500.rds#71"
"anolis_000072","anolis-empirical",72,"anolis_empirical_500.rds#72"
"anolis_000073","anolis-empirical",73,"anolis_empirical_500.rds#73"
"anolis_000074","anolis-empirical",74,"anolis_empirical_500.rds#74"
"anolis_000075","anolis-empirical",75,"anolis_empirical_500.rds#75"
"anolis_000076","anolis-empirical",76,"anolis_empirical_500.rds#76"
"anolis_000077","anolis-empirical",77,"anolis_empirical_500.rds#77"
"anolis_000078","anolis-empirical",78,"anolis_empirical_500.rds#78"
"anolis_000079","anolis-empirical",79,"anolis_empirical_500.rds#79"
"anolis_000080","anolis-empirical",80,"anolis_empirical_500.rds#80"
"anolis_000081","anolis-empirical",81,"anolis_empirical_500.rds#81"
"anolis_000082","anolis-empirical",82,"anolis_empirical_500.rds#82"
"anolis_000083","anolis-empirical",83,"anolis_empirical_500.rds#83"
"anolis_000084","anolis-empirical",84,"anolis_empirical_500.rds#84"
"anolis_000085","anolis-empirical",85,"anolis_empirical_500.rds#85"
"anolis_000086","anolis-empirical",86,"anolis_empirical_500.rds#86"
"anolis_000087","anolis-empirical",87,"anolis_empirical_500.rds#87"
"anolis_000088","anolis-empirical",88,"anolis_empirical_500.rds#88"
"anolis_000089","anolis-empirical",89,"anolis_empirical_500.rds#89"
"anolis_000090","anolis-empirical",90,"anolis_empirical_500.rds#90"
"anolis_000091","anolis-empirical",91,"anolis_empirical_500.rds#91"
"anolis_000092","anolis-empirical",92,"anolis_empirical_500.rds#92"
"anolis_000093","anolis-empirical",93,"anolis_empirical_500.rds#93"
"anolis_000094","anolis-empirical",94,"anolis_empirical_500.rds#94"
"anolis_000095","anolis-empirical",95,"anolis_empirical_500.rds#95"
"anolis_000096","anolis-empirical",96,"anolis_empirical_500.rds#96"
"anolis_000097","anolis-empirical",97,"anolis_empirical_500.rds#97"
"anolis_000098","anolis-empirical",98,"anolis_empirical_500.rds#98"
"anolis_000099","anolis-empirical",99,"anolis_empirical_500.rds#99"
"anolis_000100","anolis-empirical",100,"anolis_empirical_500.rds#100"
"anolis_000101","anolis-empirical",101,"anolis_empirical_500.rds#101"
"anolis_000102","anolis-empirical",102,"anolis_empirical_500.rds#102"
"anolis_000103","anolis-empirical",103,"anolis_empirical_500.rds#103"
"anolis_000104","anolis-empirical",104,"anolis_empirical_500.rds#104"
"anolis_000105","anolis-empirical",105,"anolis_empirical_500.rds#105"
"anolis_000106","anolis-empirical",106,"anolis_empirical_500.rds#106"
"anolis_000107","anolis-empirical",107,"anolis_empirical_500.rds#107"
"anolis_000108","anolis-empirical",108,"anolis_empirical_500.rds#108"
"anolis_000109","anolis-empirical",109,"anolis_empirical_500.rds#109"
"anolis_000110","anolis-empirical",110,"anolis_empirical_500.rds#110"
"anolis_000111","anolis-empirical",111,"anolis_empirical_500.rds#111"
"anolis_000112","anolis-empirical",112,"anolis_empirical_500.rds#112"
"anolis_000113","anolis-empirical",113,"anolis_empirical_500.rds#113"
"anolis_000114","anolis-empirical",114,"anolis_empirical_500.rds#114"
"anolis_000115","anolis-empirical",115,"anolis_empirical_500.rds#115"
"anolis_000116","anolis-empirical",116,"anolis_empirical_500.rds#116"
"anolis_000117","anolis-empirical",117,"anolis_empirical_500.rds#117"
"anolis_000118","anolis-empirical",118,"anolis_empirical_500.rds#118"
"anolis_000119","anolis-empirical",119,"anolis_empirical_500.rds#119"
"anolis_000120","anolis-empirical",120,"anolis_empirical_500.rds#120"
"anolis_000121","anolis-empirical",121,"anolis_empirical_500.rds#121"
"anolis_000122","anolis-empirical",122,"anolis_empirical_500.rds#122"
"anolis_000123","anolis-empirical",123,"anolis_empirical_500.rds#123"
"anolis_000124","anolis-empirical",124,"anolis_empirical_500.rds#124"
"anolis_000125","anolis-empirical",125,"anolis_empirical_500.rds#125"
"anolis_000126","anolis-empirical",126,"anolis_empirical_500.rds#126"
"anolis_000127","anolis-empirical",127,"anolis_empirical_500.rds#127"
"anolis_000128","anolis-empirical",128,"anolis_empirical_500.rds#128"
"anolis_000129","anolis-empirical",129,"anolis_empirical_500.rds#129"
"anolis_000130","anolis-empirical",130,"anolis_empirical_500.rds#130"
"anolis_000131","anolis-empirical",131,"anolis_empirical_500.rds#131"
"anolis_000132","anolis-empirical",132,"anolis_empirical_500.rds#132"
"anolis_000133","anolis-empirical",133,"anolis_empirical_500.rds#133"
"anolis_000134","anolis-empirical",134,"anolis_empirical_500.rds#134"
"anolis_000135","anolis-empirical",135,"anolis_empirical_500.rds#135"
"anolis_000136","anolis-empirical",136,"anolis_empirical_500.rds#136"
"anolis_000137","anolis-empirical",137,"anolis_empirical_500.rds#137"
"anolis_000138","anolis-empirical",138,"anolis_empirical_500.rds#138"
"anolis_000139","anolis-empirical",139,"anolis_empirical_500.rds#139"
"anolis_000140","anolis-empirical",140,"anolis_empirical_500.rds#140"
"anolis_000141","anolis-empirical",141,"anolis_empirical_500.rds#141"
"anolis_000142","anolis-empirical",142,"anolis_empirical_500.rds#142"
"anolis_000143","anolis-empirical",143,"anolis_empirical_500.rds#143"
"anolis_000144","anolis-empirical",144,"anolis_empirical_500.rds#144"
"anolis_000145","anolis-empirical",145,"anolis_empirical_500.rds#145"
"anolis_000146","anolis-empirical",146,"anolis_empirical_500.rds#146"
"anolis_000147","anolis-empirical",147,"anolis_empirical_500.rds#147"
"anolis_000148","anolis-empirical",148,"anolis_empirical_500.rds#148"
"anolis_000149","anolis-empirical",149,"anolis_empirical_500.rds#149"
"anolis_000150","anolis-empirical",150,"anolis_empirical_500.rds#150"
"anolis_000151","anolis-empirical",151,"anolis_empirical_500.rds#151"
"anolis_000152","anolis-empirical",152,"anolis_empirical_500.rds#152"
"anolis_000153","anolis-empirical",153,"anolis_empirical_500.rds#153"
"anolis_000154","anolis-empirical",154,"anolis_empirical_500.rds#154"
"anolis_000155","anolis-empirical",155,"anolis_empirical_500.rds#155"
"anolis_000156","anolis-empirical",156,"anolis_empirical_500.rds#156"
"anolis_000157","anolis-empirical",157,"anolis_empirical_500.rds#157"
"anolis_000158","anolis-empirical",158,"anolis_empirical_500.rds#158"
"anolis_000159","anolis-empirical",159,"anolis_empirical_500.rds#159"
"anolis_000160","anolis-empirical",160,"anolis_empirical_500.rds#160"
"anolis_000161","anolis-empirical",161,"anolis_empirical_500.rds#161"
"anolis_000162","anolis-empirical",162,"anolis_empirical_500.rds#162"
"anolis_000163","anolis-empirical",163,"anolis_empirical_500.rds#163"
"anolis_000164","anolis-empirical",164,"anolis_empirical_500.rds#164"
"anolis_000165","anolis-empirical",165,"anolis_empirical_500.rds#165"
"anolis_000166","anolis-empirical",166,"anolis_empirical_500.rds#166"
"anolis_000167","anolis-empirical",167,"anolis_empirical_500.rds#167"
"anolis_000168","anolis-empirical",168,"anolis_empirical_500.rds#168"
"anolis_000169","anolis-empirical",169,"anolis_empirical_500.rds#169"
"anolis_000170","anolis-empirical",170,"anolis_empirical_500.rds#170"
"anolis_000171","anolis-empirical",171,"anolis_empirical_500.rds#171"
"anolis_000172","anolis-empirical",172,"anolis_empirical_500.rds#172"
"anolis_000173","anolis-empirical",173,"anolis_empirical_500.rds#173"
"anolis_000174","anolis-empirical",174,"anolis_empirical_500.rds#174"
"anolis_000175","anolis-empirical",175,"anolis_empirical_500.rds#175"
"anolis_000176","anolis-empirical",176,"anolis_empirical_500.rds#176"
"anolis_000177","anolis-empirical",177,"anolis_empirical_500.rds#177"
"anolis_000178","anolis-empirical",178,"anolis_empirical_500.rds#178"
"anolis_000179","anolis-empirical",179,"anolis_empirical_500.rds#179"
"anolis_000180","anolis-empirical",180,"anolis_empirical_500.rds#180"
"anolis_000181","anolis-empirical",181,"anolis_empirical_500.rds#181"
"anolis_000182","anolis-empirical",182,"anolis_empirical_500.rds#182"
"anolis_000183","anolis-empirical",183,"anolis_empirical_500.rds#183"
"anolis_000184","anolis-empirical",184,"anolis_empirical_500.rds#184"
"anolis_000185","anolis-empirical",185,"anolis_empirical_500.rds#185"
"anolis_000186","anolis-empirical",186,"anolis_empirical_500.rds#186"
"anolis_000187","anolis-empirical",187,"anolis_empirical_500.rds#187"
"anolis_000188","anolis-empirical",188,"anolis_empirical_500.rds#188"
"anolis_000189","anolis-empirical",189,"anolis_empirical_500.rds#189"
"anolis_000190","anolis-empirical",190,"anolis_empirical_500.rds#190"
"anolis_000191","anolis-empirical",191,"anolis_empirical_500.rds#191"
"anolis_000192","anolis-empirical",192,"anolis_empirical_500.rds#192"
"anolis_000193","anolis-empirical",193,"anolis_empirical_500.rds#193"
"anolis_000194","anolis-empirical",194,"anolis_empirical_500.rds#194"
"anolis_000195","anolis-empirical",195,"anolis_empirical_500.rds#195"
"anolis_000196","anolis-empirical",196,"anolis_empirical_500.rds#196"
"anolis_000197","anolis-empirical",197,"anolis_empirical_500.rds#197"
"anolis_000198","anolis-empirical",198,"anolis_empirical_500.rds#198"
"anolis_000199","anolis-empirical",199,"anolis_empirical_500.rds#199"
"anolis_000200","anolis-empirical",200,"anolis_empirical_500.rds#200"
"anolis_000201","anolis-empirical",201,"anolis_empirical_500.rds#201"
"anolis_000202","anolis-empirical",202,"anolis_empirical_500.rds#202"
"anolis_000203","anolis-empirical",203,"anolis_empirical_500.rds#203"
"anolis_000204","anolis-empirical",204,"anolis_empirical_500.rds#204"
"anolis_000205","anolis-empirical",205,"anolis_empirical_500.rds#205"
"anolis_000206","anolis-empirical",206,"anolis_empirical_500.rds#206"
"anolis_000207","anolis-empirical",207,"anolis_empirical_500.rds#207"
"anolis_000208","anolis-empirical",208,"anolis_empirical_500.rds#208"
"anolis_000209","anolis-empirical",209,"anolis_empirical_500.rds#209"
"anolis_000210","anolis-empirical",210,"anolis_empirical_500.rds#210"
"anolis_000211","anolis-empirical",211,"anolis_empirical_500.rds#211"
"anolis_000212","anolis-empirical",212,"anolis_empirical_500.rds#212"
"anolis_000213","anolis-empirical",213,"anolis_empirical_500.rds#213"
"anolis_000214","anolis-empirical",214,"anolis_empirical_500.rds#214"
"anolis_000215","anolis-empirical",215,"anolis_empirical_500.rds#215"
"anolis_000216","anolis-empirical",216,"anolis_empirical_500.rds#216"
"anolis_000217","anolis-empirical",217,"anolis_empirical_500.rds#217"
"anolis_000218","anolis-empirical",218,"anolis_empirical_500.rds#218"
"anolis_000219","anolis-empirical",219,"anolis_empirical_500.rds#219"
"anolis_000220","anolis-empirical",220,"anolis_empirical_500.rds#220"
"anolis_000221","anolis-empirical",221,"anolis_empirical_500.rds#221"
"anolis_000222","anolis-empirical",222,"anolis_empirical_500.rds#222"
"anolis_000223","anolis-empirical",223,"anolis_empirical_500.rds#223"
"anolis_000224","anolis-empirical",224,"anolis_empirical_500.rds#224"
"anolis_000225","anolis-empirical",225,"anolis_empirical_500.rds#225"
"anolis_000226","anolis-empirical",226,"anolis_empirical_500.rds#226"
"anolis_000227","anolis-empirical",227,"anolis_empirical_500.rds#227"
"anolis_000228","anolis-empirical",228,"anolis_empirical_500.rds#228"
"anolis_000229","anolis-empirical",229,"anolis_empirical_500.rds#229"
"anolis_000230","anolis-empirical",230,"anolis_empirical_500.rds#230"
"anolis_000231","anolis-empirical",231,"anolis_empirical_500.rds#231"
"anolis_000232","anolis-empirical",232,"anolis_empirical_500.rds#232"
"anolis_000233","anolis-empirical",233,"anolis_empirical_500.rds#233"
"anolis_000234","anolis-empirical",234,"anolis_empirical_500.rds#234"
"anolis_000235","anolis-empirical",235,"anolis_empirical_500.rds#235"
"anolis_000236","anolis-empirical",236,"anolis_empirical_500.rds#236"
"anolis_000237","anolis-empirical",237,"anolis_empirical_500.rds#237"
"anolis_000238","anolis-empirical",238,"anolis_empirical_500.rds#238"
"anolis_000239","anolis-empirical",239,"anolis_empirical_500.rds#239"
"anolis_000240","anolis-empirical",240,"anolis_empirical_500.rds#240"
"anolis_000241","anolis-empirical",241,"anolis_empirical_500.rds#241"
"anolis_000242","anolis-empirical",242,"anolis_empirical_500.rds#242"
"anolis_000243","anolis-empirical",243,"anolis_empirical_500.rds#243"
"anolis_000244","anolis-empirical",244,"anolis_empirical_500.rds#244"
"anolis_000245","anolis-empirical",245,"anolis_empirical_500.rds#245"
"anolis_000246","anolis-empirical",246,"anolis_empirical_500.rds#246"
"anolis_000247","anolis-empirical",247,"anolis_empirical_500.rds#247"
"anolis_000248","anolis-empirical",248,"anolis_empirical_500.rds#248"
"anolis_000249","anolis-empirical",249,"anolis_empirical_500.rds#249"
"anolis_000250","anolis-empirical",250,"anolis_empirical_500.rds#250"
"anolis_000251","anolis-empirical",251,"anolis_empirical_500.rds#251"
"anolis_000252","anolis-empirical",252,"anolis_empirical_500.rds#252"
"anolis_000253","anolis-empirical",253,"anolis_empirical_500.rds#253"
"anolis_000254","anolis-empirical",254,"anolis_empirical_500.rds#254"
"anolis_000255","anolis-empirical",255,"anolis_empirical_500.rds#255"
"anolis_000256","anolis-empirical",256,"anolis_empirical_500.rds#256"
"anolis_000257","anolis-empirical",257,"anolis_empirical_500.rds#257"
"anolis_000258","anolis-empirical",258,"anolis_empirical_500.rds#258"
"anolis_000259","anolis-empirical",259,"anolis_empirical_500.rds#259"
"anolis_000260","anolis-empirical",260,"anolis_empirical_500.rds#260"
"anolis_000261","anolis-empirical",261,"anolis_empirical_500.rds#261"
"anolis_000262","anolis-empirical",262,"anolis_empirical_500.rds#262"
"anolis_000263","anolis-empirical",263,"anolis_empirical_500.rds#263"
"anolis_000264","anolis-empirical",264,"anolis_empirical_500.rds#264"
"anolis_000265","anolis-empirical",265,"anolis_empirical_500.rds#265"
"anolis_000266","anolis-empirical",266,"anolis_empirical_500.rds#266"
"anolis_000267","anolis-empirical",267,"anolis_empirical_500.rds#267"
"anolis_000268","anolis-empirical",268,"anolis_empirical_500.rds#268"
"anolis_000269","anolis-empirical",269,"anolis_empirical_500.rds#269"
"anolis_000270","anolis-empirical",270,"anolis_empirical_500.rds#270"
"anolis_000271","anolis-empirical",271,"anolis_empirical_500.rds#271"
"anolis_000272","anolis-empirical",272,"anolis_empirical_500.rds#272"
"anolis_000273","anolis-empirical",273,"anolis_empirical_500.rds#273"
"anolis_000274","anolis-empirical",274,"anolis_empirical_500.rds#274"
"anolis_000275","anolis-empirical",275,"anolis_empirical_500.rds#275"
"anolis_000276","anolis-empirical",276,"anolis_empirical_500.rds#276"
"anolis_000277","anolis-empirical",277,"anolis_empirical_500.rds#277"
"anolis_000278","anolis-empirical",278,"anolis_empirical_500.rds#278"
"anolis_000279","anolis-empirical",279,"anolis_empirical_500.rds#279"
"anolis_000280","anolis-empirical",280,"anolis_empirical_500.rds#280"
"anolis_000281","anolis-empirical",281,"anolis_empirical_500.rds#281"
"anolis_000282","anolis-empirical",282,"anolis_empirical_500.rds#282"
"anolis_000283","anolis-empirical",283,"anolis_empirical_500.rds#283"
"anolis_000284","anolis-empirical",284,"anolis_empirical_500.rds#284"
"anolis_000285","anolis-empirical",285,"anolis_empirical_500.rds#285"
"anolis_000286","anolis-empirical",286,"anolis_empirical_500.rds#286"
"anolis_000287","anolis-empirical",287,"anolis_empirical_500.rds#287"
"anolis_000288","anolis-empirical",288,"anolis_empirical_500.rds#288"
"anolis_000289","anolis-empirical",289,"anolis_empirical_500.rds#289"
"anolis_000290","anolis-empirical",290,"anolis_empirical_500.rds#290"
"anolis_000291","anolis-empirical",291,"anolis_empirical_500.rds#291"
"anolis_000292","anolis-empirical",292,"anolis_empirical_500.rds#292"
"anolis_000293","anolis-empirical",293,"anolis_empirical_500.rds#293"
"anolis_000294","anolis-empirical",294,"anolis_empirical_500.rds#294"
"anolis_000295","anolis-empirical",295,"anolis_empirical_500.rds#295"
"anolis_000296","anolis-empirical",296,"anolis_empirical_500.rds#296"
"anolis_000297","anolis-empirical",297,"anolis_empirical_500.rds#297"
"anolis_000298","anolis-empirical",298,"anolis_empirical_500.rds#298"
"anolis_000299","anolis-empirical",299,"anolis_empirical_500.rds#299"
"anolis_000300","anolis-empirical",300,"anolis_empirical_500.rds#300"
"anolis_000301","anolis-empirical",301,"anolis_empirical_500.rds#301"
"anolis_000302","anolis-empirical",302,"anolis_empirical_500.rds#302"
"anolis_000303","anolis-empirical",303,"anolis_empirical_500.rds#303"
"anolis_000304","anolis-empirical",304,"anolis_empirical_500.rds#304"
"anolis_000305","anolis-empirical",305,"anolis_empirical_500.rds#305"
"anolis_000306","anolis-empirical",306,"anolis_empirical_500.rds#306"
"anolis_000307","anolis-empirical",307,"anolis_empirical_500.rds#307"
"anolis_000308","anolis-empirical",308,"anolis_empirical_500.rds#308"
"anolis_000309","anolis-empirical",309,"anolis_empirical_500.rds#309"
"anolis_000310","anolis-empirical",310,"anolis_empirical_500.rds#310"
"anolis_000311","anolis-empirical",311,"anolis_empirical_500.rds#311"
"anolis_000312","anolis-empirical",312,"anolis_empirical_500.rds#312"
"anolis_000313","anolis-empirical",313,"anolis_empirical_500.rds#313"
"anolis_000314","anolis-empirical",314,"anolis_empirical_500.rds#314"
"anolis_000315","anolis-empirical",315,"anolis_empirical_500.rds#315"
"anolis_000316","anolis-empirical",316,"anolis_empirical_500.rds#316"
"anolis_000317","anolis-empirical",317,"anolis_empirical_500.rds#317"
"anolis_000318","anolis-empirical",318,"anolis_empirical_500.rds#318"
"anolis_000319","anolis-empirical",319,"anolis_empirical_500.rds#319"
"anolis_000320","anolis-empirical",320,"anolis_empirical_500.rds#320"
"anolis_000321","anolis-empirical",321,"anolis_empirical_500.rds#321"
"anolis_000322","anolis-empirical",322,"anolis_empirical_500.rds#322"
"anolis_000323","anolis-empirical",323,"anolis_empirical_500.rds#323"
"anolis_000324","anolis-empirical",324,"anolis_empirical_500.rds#324"
"anolis_000325","anolis-empirical",325,"anolis_empirical_500.rds#325"
"anolis_000326","anolis-empirical",326,"anolis_empirical_500.rds#326"
"anolis_000327","anolis-empirical",327,"anolis_empirical_500.rds#327"
"anolis_000328","anolis-empirical",328,"anolis_empirical_500.rds#328"
"anolis_000329","anolis-empirical",329,"anolis_empirical_500.rds#329"
"anolis_000330","anolis-empirical",330,"anolis_empirical_500.rds#330"
"anolis_000331","anolis-empirical",331,"anolis_empirical_500.rds#331"
"anolis_000332","anolis-empirical",332,"anolis_empirical_500.rds#332"
"anolis_000333","anolis-empirical",333,"anolis_empirical_500.rds#333"
"anolis_000334","anolis-empirical",334,"anolis_empirical_500.rds#334"
"anolis_000335","anolis-empirical",335,"anolis_empirical_500.rds#335"
"anolis_000336","anolis-empirical",336,"anolis_empirical_500.rds#336"
"anolis_000337","anolis-empirical",337,"anolis_empirical_500.rds#337"
"anolis_000338","anolis-empirical",338,"anolis_empirical_500.rds#338"
"anolis_000339","anolis-empirical",339,"anolis_empirical_500.rds#339"
"anolis_000340","anolis-empirical",340,"anolis_empirical_500.rds#340"
"anolis_000341","anolis-empirical",341,"anolis_empirical_500.rds#341"
"anolis_000342","anolis-empirical",342,"anolis_empirical_500.rds#342"
"anolis_000343","anolis-empirical",343,"anolis_empirical_500.rds#343"
"anolis_000344","anolis-empirical",344,"anolis_empirical_500.rds#344"
"anolis_000345","anolis-empirical",345,"anolis_empirical_500.rds#345"
"anolis_000346","anolis-empirical",346,"anolis_empirical_500.rds#346"
"anolis_000347","anolis-empirical",347,"anolis_empirical_500.rds#347"
"anolis_000348","anolis-empirical",348,"anolis_empirical_500.rds#348"
"anolis_000349","anolis-empirical",349,"anolis_empirical_500.rds#349"
"anolis_000350","anolis-empirical",350,"anolis_empirical_500.rds#350"
"anolis_000351","anolis-empirical",351,"anolis_empirical_500.rds#351"
"anolis_000352","anolis-empirical",352,"anolis_empirical_500.rds#352"
"anolis_000353","anolis-empirical",353,"anolis_empirical_500.rds#353"
"anolis_000354","anolis-empirical",354,"anolis_empirical_500.rds#354"
"anolis_000355","anolis-empirical",355,"anolis_empirical_500.rds#355"
"anolis_000356","anolis-empirical",356,"anolis_empirical_500.rds#356"
"anolis_000357","anolis-empirical",357,"anolis_empirical_500.rds#357"
"anolis_000358","anolis-empirical",358,"anolis_empirical_500.rds#358"
"anolis_000359","anolis-empirical",359,"anolis_empirical_500.rds#359"
"anolis_000360","anolis-empirical",360,"anolis_empirical_500.rds#360"
"anolis_000361","anolis-empirical",361,"anolis_empirical_500.rds#361"
"anolis_000362","anolis-empirical",362,"anolis_empirical_500.rds#362"
"anolis_000363","anolis-empirical",363,"anolis_empirical_500.rds#363"
"anolis_000364","anolis-empirical",364,"anolis_empirical_500.rds#364"
"anolis_000365","anolis-empirical",365,"anolis_empirical_500.rds#365"
"anolis_000366","anolis-empirical",366,"anolis_empirical_500.rds#366"
"anolis_000367","anolis-empirical",367,"anolis_empirical_500.rds#367"
"anolis_000368","anolis-empirical",368,"anolis_empirical_500.rds#368"
"anolis_000369","anolis-empirical",369,"anolis_empirical_500.rds#369"
"anolis_000370","anolis-empirical",370,"anolis_empirical_500.rds#370"
"anolis_000371","anolis-empirical",371,"anolis_empirical_500.rds#371"
"anolis_000372","anolis-empirical",372,"anolis_empirical_500.rds#372"
"anolis_000373","anolis-empirical",373,"anolis_empirical_500.rds#373"
"anolis_000374","anolis-empirical",374,"anolis_empirical_500.rds#374"
"anolis_000375","anolis-empirical",375,"anolis_empirical_500.rds#375"
"anolis_000376","anolis-empirical",376,"anolis_empirical_500.rds#376"
"anolis_000377","anolis-empirical",377,"anolis_empirical_500.rds#377"
"anolis_000378","anolis-empirical",378,"anolis_empirical_500.rds#378"
"anolis_000379","anolis-empirical",379,"anolis_empirical_500.rds#379"
"anolis_000380","anolis-empirical",380,"anolis_empirical_500.rds#380"
"anolis_000381","anolis-empirical",381,"anolis_empirical_500.rds#381"
"anolis_000382","anolis-empirical",382,"anolis_empirical_500.rds#382"
"anolis_000383","anolis-empirical",383,"anolis_empirical_500.rds#383"
"anolis_000384","anolis-empirical",384,"anolis_empirical_500.rds#384"
"anolis_000385","anolis-empirical",385,"anolis_empirical_500.rds#385"
"anolis_000386","anolis-empirical",386,"anolis_empirical_500.rds#386"
"anolis_000387","anolis-empirical",387,"anolis_empirical_500.rds#387"
"anolis_000388","anolis-empirical",388,"anolis_empirical_500.rds#388"
"anolis_000389","anolis-empirical",389,"anolis_empirical_500.rds#389"
"anolis_000390","anolis-empirical",390,"anolis_empirical_500.rds#390"
"anolis_000391","anolis-empirical",391,"anolis_empirical_500.rds#391"
"anolis_000392","anolis-empirical",392,"anolis_empirical_500.rds#392"
"anolis_000393","anolis-empirical",393,"anolis_empirical_500.rds#393"
"anolis_000394","anolis-empirical",394,"anolis_empirical_500.rds#394"
"anolis_000395","anolis-empirical",395,"anolis_empirical_500.rds#395"
"anolis_000396","anolis-empirical",396,"anolis_empirical_500.rds#396"
"anolis_000397","anolis-empirical",397,"anolis_empirical_500.rds#397"
"anolis_000398","anolis-empirical",398,"anolis_empirical_500.rds#398"
"anolis_000399","anolis-empirical",399,"anolis_empirical_500.rds#399"
"anolis_000400","anolis-empirical",400,"anolis_empirical_500.rds#400"
"anolis_000401","anolis-empirical",401,"anolis_empirical_500.rds#401"
"anolis_000402","anolis-empirical",402,"anolis_empirical_500.rds#402"
"anolis_000403","anolis-empirical",403,"anolis_empirical_500.rds#403"
"anolis_000404","anolis-empirical",404,"anolis_empirical_500.rds#404"
"anolis_000405","anolis-empirical",405,"anolis_empirical_500.rds#405"
"anolis_000406","anolis-empirical",406,"anolis_empirical_500.rds#406"
"anolis_000407","anolis-empirical",407,"anolis_empirical_500.rds#407"
"anolis_000408","anolis-empirical",408,"anolis_empirical_500.rds#408"
"anolis_000409","anolis-empirical",409,"anolis_empirical_500.rds#409"
"anolis_000410","anolis-empirical",410,"anolis_empirical_500.rds#410"
"anolis_000411","anolis-empirical",411,"anolis_empirical_500.rds#411"
"anolis_000412","anolis-empirical",412,"anolis_empirical_500.rds#412"
"anolis_000413","anolis-empirical",413,"anolis_empirical_500.rds#413"
"anolis_000414","anolis-empirical",414,"anolis_empirical_500.rds#414"
"anolis_000415","anolis-empirical",415,"anolis_empirical_500.rds#415"
"anolis_000416","anolis-empirical",416,"anolis_empirical_500.rds#416"
"anolis_000417","anolis-empirical",417,"anolis_empirical_500.rds#417"
"anolis_000418","anolis-empirical",418,"anolis_empirical_500.rds#418"
"anolis_000419","anolis-empirical",419,"anolis_empirical_500.rds#419"
"anolis_000420","anolis-empirical",420,"anolis_empirical_500.rds#420"
"anolis_000421","anolis-empirical",421,"anolis_empirical_500.rds#421"
"anolis_000422","anolis-empirical",422,"anolis_empirical_500.rds#422"
"anolis_000423","anolis-empirical",423,"anolis_empirical_500.rds#423"
"anolis_000424","anolis-empirical",424,"anolis_empirical_500.rds#424"
"anolis_000425","anolis-empirical",425,"anolis_empirical_500.rds#425"
"anolis_000426","anolis-empirical",426,"anolis_empirical_500.rds#426"
"anolis_000427","anolis-empirical",427,"anolis_empirical_500.rds#427"
"anolis_000428","anolis-empirical",428,"anolis_empirical_500.rds#428"
"anolis_000429","anolis-empirical",429,"anolis_empirical_500.rds#429"
"anolis_000430","anolis-empirical",430,"anolis_empirical_500.rds#430"
"anolis_000431","anolis-empirical",431,"anolis_empirical_500.rds#431"
"anolis_000432","anolis-empirical",432,"anolis_empirical_500.rds#432"
"anolis_000433","anolis-empirical",433,"anolis_empirical_500.rds#433"
"anolis_000434","anolis-empirical",434,"anolis_empirical_500.rds#434"
"anolis_000435","anolis-empirical",435,"anolis_empirical_500.rds#435"
"anolis_000436","anolis-empirical",436,"anolis_empirical_500.rds#436"
"anolis_000437","anolis-empirical",437,"anolis_empirical_500.rds#437"
"anolis_000438","anolis-empirical",438,"anolis_empirical_500.rds#438"
"anolis_000439","anolis-empirical",439,"anolis_empirical_500.rds#439"
"anolis_000440","anolis-empirical",440,"anolis_empirical_500.rds#440"
"anolis_000441","anolis-empirical",441,"anolis_empirical_500.rds#441"
"anolis_000442","anolis-empirical",442,"anolis_empirical_500.rds#442"
"anolis_000443","anolis-empirical",443,"anolis_empirical_500.rds#443"
"anolis_000444","anolis-empirical",444,"anolis_empirical_500.rds#444"
"anolis_000445","anolis-empirical",445,"anolis_empirical_500.rds#445"
"anolis_000446","anolis-empirical",446,"anolis_empirical_500.rds#446"
"anolis_000447","anolis-empirical",447,"anolis_empirical_500.rds#447"
"anolis_000448","anolis-empirical",448,"anolis_empirical_500.rds#448"
"anolis_000449","anolis-empirical",449,"anolis_empirical_500.rds#449"
"anolis_000450","anolis-empirical",450,"anolis_empirical_500.rds#450"
"anolis_000451","anolis-empirical",451,"anolis_empirical_500.rds#451"
"anolis_000452","anolis-empirical",452,"anolis_empirical_500.rds#452"
"anolis_000453","anolis-empirical",453,"anolis_empirical_500.rds#453"
"anolis_000454","anolis-empirical",454,"anolis_empirical_500.rds#454"
"anolis_000455","anolis-empirical",455,"anolis_empirical_500.rds#455"
"anolis_000456","anolis-empirical",456,"anolis_empirical_500.rds#456"
"anolis_000457","anolis-empirical",457,"anolis_empirical_500.rds#457"
"anolis_000458","anolis-empirical",458,"anolis_empirical_500.rds#458"
"anolis_000459","anolis-empirical",459,"anolis_empirical_500.rds#459"
"anolis_000460","anolis-empirical",460,"anolis_empirical_500.rds#460"
"anolis_000461","anolis-empirical",461,"anolis_empirical_500.rds#461"
"anolis_000462","anolis-empirical",462,"anolis_empirical_500.rds#462"
"anolis_000463","anolis-empirical",463,"anolis_empirical_500.rds#463"
"anolis_000464","anolis-empirical",464,"anolis_empirical_500.rds#464"
"anolis_000465","anolis-empirical",465,"anolis_empirical_500.rds#465"
"anolis_000466","anolis-empirical",466,"anolis_empirical_500.rds#466"
"anolis_000467","anolis-empirical",467,"anolis_empirical_500.rds#467"
"anolis_000468","anolis-empirical",468,"anolis_empirical_500.rds#468"
"anolis_000469","anolis-empirical",469,"anolis_empirical_500.rds#469"
"anolis_000470","anolis-empirical",470,"anolis_empirical_500.rds#470"
"anolis_000471","anolis-empirical",471,"anolis_empirical_500.rds#471"
"anolis_000472","anolis-empirical",472,"anolis_empirical_500.rds#472"
"anolis_000473","anolis-empirical",473,"anolis_empirical_500.rds#473"
"anolis_000474","anolis-empirical",474,"anolis_empirical_500.rds#474"
"anolis_000475","anolis-empirical",475,"anolis_empirical_500.rds#475"
"anolis_000476","anolis-empirical",476,"anolis_empirical_500.rds#476"
"anolis_000477","anolis-empirical",477,"anolis_empirical_500.rds#477"
"anolis_000478","anolis-empirical",478,"anolis_empirical_500.rds#478"
"anolis_000479","anolis-empirical",479,"anolis_empirical_500.rds#479"
"anolis_000480","anolis-empirical",480,"anolis_empirical_500.rds#480"
"anolis_000481","anolis-empirical",481,"anolis_empirical_500.rds#481"
"anolis_000482","anolis-empirical",482,"anolis_empirical_500.rds#482"
"anolis_000483","anolis-empirical",483,"anolis_empirical_500.rds#483"
"anolis_000484","anolis-empirical",484,"anolis_empirical_500.rds#484"
"anolis_000485","anolis-empirical",485,"anolis_empirical_500.rds#485"
"anolis_000486","anolis-empirical",486,"anolis_empirical_500.rds#486"
"anolis_000487","anolis-empirical",487,"anolis_empirical_500.rds#487"
"anolis_000488","anolis-empirical",488,"anolis_empirical_500.rds#488"
"anolis_000489","anolis-empirical",489,"anolis_empirical_500.rds#489"
"anolis_000490","anolis-empirical",490,"anolis_empirical_500.rds#490"
"anolis_000491","anolis-empirical",491,"anolis_empirical_500.rds#491"
"anolis_000492","anolis-empirical",492,"anolis_empirical_500.rds#492"
"anolis_000493","anolis-empirical",493,"anolis_empirical_500.rds#493"
"anolis_000494","anolis-empirical",494,"anolis_empirical_500.rds#494"
"anolis_000495","anolis-empirical",495,"anolis_empirical_500.rds#495"
"anolis_000496","anolis-empirical",496,"anolis_empirical_500.rds#496"
"anolis_000497","anolis-empirical",497,"anolis_empirical_500.rds#497"
"anolis_000498","anolis-empirical",498,"anolis_empirical_500.rds#498"
"anolis_000499","anolis-empirical",499,"anolis_empirical_500.rds#499"
"anolis_000500","anolis-empirical",500,"anolis_empirical_500.rds#500"
